bidNtceNo,bidNtceNm,기초금액,예가범위,추정가격,낙찰하한율,낙찰가
20240208686,산마을고등학교 학교숲 조성공사,183497560,3,166815964,87.745,160638470
20240314699,도시철도 양산선(노포~북정) 전차선로 설치공사(1구간),3718522000,3,,,
20240315977,도시철도 양산선(노포~북정) 전차선로 설치공사(3구간),5037051000,3,,,
20240320771,도시철도 양산선(노포~북정) 전차선로 설치공사(2구간),4530023000,3,,,
20240330534,국도3호선 양주 삽사교A2~삽사교A2+1.207 등 13개소 포장도 보수공사,5606907000,2,,,
20240335488,완도항 중앙방파제 축조공사 전기공사,1507887000,3,,,
20240336674,충남 아산소방서 본서 옥상 우레탄 방수 공사,71800000,3,65272727,87.745,63964860
20240338488,공성 영오리 배롱나무 식재공사,61600000,3,56000000,87.745,53875000
20240338784,2024년 산지사방 시설공사(사지원),25776000,2,,,
20240338854,2024년 계류보전 시설공사(시곡),88393000,2,,,
20240339182,"2024년 산지사방사업(기번2, 대산)",17700000,2,,,
20240340616,두산교 보수공사,124095000,3,112813637,87.745,110667593
20240340878,한국교원대학교 호연관 등 4동 방수공사,407476000,2,,,
20240341160,상지대관령고등학교 기숙사 증축 기계설비공사,244541000,3,222310000,87.745,214374500
20240341983,국도7호선 교가교(하) 내진보강공사,690819000,2,,,
20240342487,군도4호(주산리 막골)도로 확포장공사,1779360000,3,,,
20240342597,서부권 어린이보호구역 횡단보도 표지판 신설 및 정비공사,82672000,3,,,
20240342774,자율주행실험도시(K-City) 정밀주행환경 구축사업 소방공사,386847000,2,,,
20240343226,농생대6호관 등 3개동 보수공사,45254000,2,,,
20240343358,길마골천(길곡리) 정비사업,41840000,3,,,
20240343368,골안소하천(진복1리) 정비사업,55520000,3,,,
20240343377,꽃방소하천(화성1리) 정비사업,66300000,3,,,
20240343390,수구목이소하천(나곡4리) 정비사업,58900000,3,,,
20240343407,외선미소하천(외선미2리) 정비사업,97100000,3,,,
20240343435,죽변~후정간 해안경관도로 개설공사(전기),77440000,3,,,
20240343460,"울진도시계획도로(중로3-5, 소로2-31호선) 개설공사(전기)",52107000,3,,,
20240343468,소태3리 양수장 정비공사,81710000,3,,,
20240343480,기성면 미역채취 및 갯바위 낚시체험 진입로 데크 설치공사,158700000,3,,,
20240343878,2024년 완산구 공원 내 수목 유지관리사업(단가계약) 2차,90000000,3,,,
20240343882,2024년 임도 구조개량사사업(용산),94732000,2,86120000,87.745,83400000
20240344170,원남 문암4리 농로포장 공사,63470000,3,,,
20240344332,2024년 임도 구조개량사업(용탄),87876000,2,79887273,87.745,77628190
20240344350,2024년 사방사업(반천리),28524000,2,25930910,87.745,25074300
20240344409,유등천동로 일원 도로정비공사,71577000,3,65070000,87.745,63346213
20240344427,호계천(쇠내마을) 일원 건축물 해체공사,138523000,3,125930000,87.745,121182771
20240344473,2024년 학교숲 조성사업(아산배방중),86639000,3,,,
20240344899,경부선 삼랑진-원동간 작원관터널(하) 개량공사,477877000,2,,,
20240345010,"[긴급] 상효1동마을회관(경로당 포함) 신축 건축, 기계 공사 대행입찰",874297696,3,794816088,87.745,777578000
20240345363,애중복지재단(선영노인요양원)생활관 증축 소방공사,211892000,3,192629091,87.745,188683930
20240345425,용흥초등학교 후관 교사동 소방공사,44638000,3,,,
20240346201,삼계정수장 차아염소산나트륨 제조 투입시설 전기공사,216590000,3,,,
20240346242,도시철도 양산선(노포~북정) 차량기지 변전소 기기설치공사,1270045000,3,,,
20240346410,광명3동 공공복합청사 신축공사(통신),816823000,3,,,
20240346427,광명3동 공공복합청사 신축공사(전기),1995776000,3,,,
20240346493,도시철도 양산선(노포~북정) 환승시설 변전소 기기설치공사,940957000,3,,,
20240346532,시천 마근담마을 하수관로 설치 공사,571600000,3,,,
20240346706,2024년 임도구조개량사업(계촌),241285000,2,219350000,87.745,212191200
20240346735,2024년 춘기경제수조림사업 2차,43162000,3,,,
20240346760,칠북 령동-외봉촌마을 안길 포장공사,41160000,3,,,
20240346900,2024년 노후 교통신호제어기 교체공사,225720000,3,,,
20240346994,경기용인 플랫폼시티 도시개발사업 3공구 지장물 철거공사,5618176000,3,,,
20240346997,경기성남교권보호지원센터 구축 석면해체 공사,11690000,3,10627273,87.745,10213950
20240347293,학생주차장 일원 돌담 및 보행로 설치 공사,40953000,2,,,
20240347399,섬진강어류생태관 시설물 개보수공사,163074000,3,148249091,87.745,146453693
20240347640,[긴급] 210블록 외 1개블록 송림동 일원 노후관교체공사,369677000,3,,,
20240347753,2024년 햇살하우징사업 공사(1권역),266800000,3,,,
20240347895,신북 금수~오장성 배수관 매설공사,83960000,3,76327273,87.745,74200930
20240347915,2024년 햇살하우징사업 공사(2권역),262200000,3,,,
20240347919,2024년 자녀안심 그린숲 조성사업,156208000,3,,,
20240347948,선부광장 관리사무소 증축공사,106480000,3,,,
20240347977,2024년 햇살하우징사업 공사(3권역),262200000,3,,,
20240348011,2024년 계류보전사업(개수),20822000,2,18929090,87.745,18210740
20240348029,2024년 용비교 보수공사,579890000,3,,,
20240348048,2024년 햇살하우징사업 공사(4권역),262200000,3,,,
20240348069,2024년 햇살하우징사업 공사(5권역),262200000,3,,,
20240348120,2024년어르신안전하우징사업 공사(1권역),184000000,3,,,
20240348171,2024년 어르신안전하우징사업 공사(2권역),188600000,3,,,
20240348183,2024년 지방하천(양화천-2공구) 하도정비사업,263000000,3,,,
20240348205,2024년 어르신안전하우징사업 공사(3권역),174800000,3,,,
20240348207,2023년 마을만들기 자율개발사업(봉황철야) 마을 진입로 경관개선 공사,209173000,3,,,
20240348219,2024년 관내 불량맨홀 정비공사(연간단가),46112000,3,41920000,87.745,40499000
20240348228,2024년 어르신안전하우징사업 공사(4권역),197800000,3,,,
20240348243,2024년 어르신안전하우징사업 공사(5권역),179400000,3,,,
20240348254,2024년 어르신안전하우징사업 공사(6권역),179400000,3,,,
20240348398,삼장 여울공원 파크골프장  조성사업,717282000,3,652074546,87.745,636312600
20240348490,사평마을 연결도로 개설공사,144400000,3,,,
20240348613,2024년 청라지역 공원녹지 병해충 방제공사,198242000,3,,,
20240348624,2024년 산지사방사업(유포),40165000,2,36513636,87.745,35496740
20240348646,압량농협 경산대추 스타트업 센터 조성(전기공사) 수의계약 견적제출 안내공고,86801000,3,78910000,87.745,77352290
20240348655,2024년 산지사방사업(봉산),23667000,2,21515454,87.745,20840000
20240348729,압량농협 경산대추 스타트업 센터 조성(정보통신공사) 수의계약 견적제출 안내공고,28270000,3,25700000,87.745,24820360
20240348731,서울시교육청(한강이남) 옥외방수 유지관리공사 단가계약,478937000,3,435397272,87.745,420346500
20240348765,"성남시정연구원 이전 청사 재구조화 공사(건축, 기계) 소액수의 견적제출 안내공고",173207000,3,157460910,87.745,150095700
20240348817,귀어학교 생활관 증축 정보통신공사,52792300,3,47993000,87.745,46648820
20240348819,2024년 신평동 외 7개 지역 상수도 긴급 복구공사 단가계약(2차),100000000,3,90909091,87.745,88079400
20240348824,성남시정연구원 이전 청사 재구조화 공사(전기) 소액수의 견적제출 안내공고,37191000,3,33810000,87.745,32856490
20240348841,2024년 강서 읍면지역 상수도 긴급 복구공사 단가계약(2차),100000000,3,90909091,87.745,88964100
20240348843,서울시교육청(한강이북) 옥외방수 유지관리공사 단가계약,611332000,3,555756364,87.745,543666500
20240348900,성남시정연구원 이전 청사 재구조화 공사(소방) 소액수의 견적제출 안내공고,68934000,3,62667280,87.745,61672824
20240349058,"무주고, 무주중앙초 단독관사 도시가스인입 기계설비공사",24318000,3,22107273,87.745,21561940
20240349081,천안박물관 리모델링공사(전기),220537000,3,,,
20240349184,가칭 어린이독서체험관 설립 전기공사,633270000,3,575700000,87.745,569202692
20240349190,별내동 체육공원 시설개선사업,106003000,3,,,
20240349193,가칭 어린이독서체험관 설립 통신공사,246961000,3,224510000,87.745,217768560
20240349201,담죽교 보수공사,165100000,3,150090909,87.745,145931640
20240349204,가칭 어린이독서체험관 설립 소방공사,145937000,3,132670000,87.745,127563900
20240349224,동김해IC 일원 배수불량지 정비공사,153560000,3,139600000,87.745,135500000
20240349234,김해가야테마파크 철광산공연장 개선사업,180440000,3,164036364,87.745,159745340
20240349305,시천가람터 수변문화공간 물놀이장 시설물 정비공사,172060000,3,,,
20240349329,서화.천도 통합상수도시설 확장공사(정보통신),24250000,3,22045455,87.745,21377044
20240349373,2024년 서호천 수계 하상 준설공사(단가계약),3740000,3,72727273,87.745,3316611
20240349379,매산동 사람이 반가운 쉼터 정비공사,176669000,3,160608182,87.745,155720580
20240349406,2024년 황구지천 수계 하상 준설공사(단가계약),3740000,3,81818182,87.745,3319739
20240349473,수원청소년문화센터 야외농구장 환경개선공사,153160000,3,139236364,87.745,133559950
20240349554,도안대로(원앙네거리) 일원 노후관 개량공사,565589000,3,514171819,87.745,498279230
20240349586,음성생활체육공원 건축 시설물 개선공사,195492000,3,177720000,87.745,173145425
20240349612,장동천 퇴적토 정비사업,36100000,3,32818182,87.745,31522490
20240349656,무릉초 외 1교(주천고) 외부환경개선공사,66022000,3,60020000,87.745,58417400
20240349674,백운면 도곡리 266번지 일원 급수구역 확대사업,322450000,3,293136364,87.745,284733520
20240349705,2024년 원도심 특화가로수 수형관리사업,100000000,3,,,
20240349759,대구교육해양수련원 휴게공간조성 공사,103638000,3,94216364,87.745,92436820
20240349914,두류1동놀이터 재정비공사,92599000,3,84180909,87.745,81699006
20240349924,"대구서재초등학교 외 2교(남동초, 명곡초) 급식시설개선 전기공사",76274000,3,69340000,87.745,67175751
20240349929,도시재생사업(강경마을) 지장물 해체공사(상생플랫폼),44969000,3,40880909,87.745,39434510
20240349957,동래교 보수보강공사,104900000,3,,,
20240349966,2024년 사방시설 보수정비사업,318400000,3,,,
20240349971,산림피해지 복구사업(상천외산지구),159696000,3,145178182,87.745,140906648
20240349989,전기공사 입찰 공고[이천시 북부권 체육공원 조성사업(전기공사)],625867000,3,568970000,87.745,546025700
20240350005,한림수협 위생위판장 바닥 보수공사,184937000,3,168124546,87.745,
20240350016,교동 예술인 숙소 담장보수공사,50350000,3,45772728,87.745,44096190
20240350020,퇴계동 충혼 게이트볼장 증축 및 보수공사(건축),85871000,3,78064545,87.745,75668040
20240350074,2024년 주민참여예산 지역위원회 제안사업(포장),41100000,3,37363637,87.745,36578000
20240350077,대동근린공원 물놀이장 조성사업,331650000,3,301500000,87.745,292378700
20240350101,외동 5-1번지 일원 배수로 정비공사,109610000,3,99645455,87.745,97717970
20240350102,장유1동 녹지 공간 유지관리 공사,183931000,3,167210000,87.745,164690491
20240350103,장유2동 녹지 공간 유지관리 공사,109461000,3,99510000,87.745,97226000
20240350104,장유3동 녹지 공간 유지관리 공사,132616000,3,120560000,87.745,117790425
20240350105,율하2지구 녹지 공간 유지관리 공사,171050000,3,155500000,87.745,151321581
20240350108,시도2호 인도 및 자전거도로 설치공사,743060000,3,675509091,87.745,669029000
20240350116,2024년 숲가꾸기사업(1지구),53047000,3,,,
20240350117,2024년 숲가꾸기사업(2지구),55215000,3,,,
20240350119,산짓물공원 수경시설 조성사업,620400000,3,564000000,87.745,
20240350121,국립한밭대학교 안전인프라 구축공사,1070000000,2,972727273,86.745,939064800
20240350125,서사로 보행환경개선 인도정비공사,249976000,3,227250909,87.745,223583300
20240350137,2024년 지방하천(동두천천) 소규모 준설공사(1구역),177280000,3,161163636,87.745,156293000
20240350138,2024년 지방하천(상패천) 소규모 준설공사(2구역),177066000,3,160969091,87.745,156841800
20240350139,2024년 국가하천(신천) 준설공사,98596000,3,89632727,87.745,87112000
20240350153,2024년 가로숲길 조성사업,98596000,3,90863637,87.745,86639721
20240350155,재해복구사업(반포면 마암리 시도12호 창벽도로),768500000,3,698636364,87.745,677192000
20240350156,재해복구사업(이인면 주봉리 시도17호),863000000,3,784545455,87.745,765577650
20240350159,테마가 있는 자전거둘레길 꽃길 조성사업,75820000,3,68927274,87.745,66810000
20240350162,재해복구사업(이인면 발양리 시도19호),444300000,3,403909091,87.745,393302400
20240350164,농암면 갈동1리(664) 아스콘덧씌우기공사(주력분야:포장공사),32850000,3,29863637,87.745,29113000
20240350169,가은읍 전곡2리(887-3) 마을안길 확포장공사,47300000,3,43000000,87.745,41673600
20240350172,경북기계금속고등학교 기계설비동 리모델링 기계설비공사,530805000,3,482550000,87.745,466649310
20240350174,2024년 어린나무가꾸기사업-4지구,15875000,3,14431818,87.745,14040000
20240350175,2024년 어린나무가꾸기사업-5지구,33774000,3,30703636,87.745,29650000
20240350176,2024년 어린나무가꾸기사업-6지구,26123000,3,23748182,87.745,22933000
20240350177,2024년 어린나무가꾸기사업-7지구,26920000,3,24472727,87.745,23632000
20240350179,국민여가캠핑장 글램핑장(2호관) 설치공사,101024000,3,91840000,87.745,89057600
20240350180,2024년 봄철 경제림 조림사업(하남간동지구),60889000,3,55353636,87.745,53557000
20240350181,2024년 봄철 경제림 조림사업(사내화천지구),60243000,3,54766364,87.745,52646000
20240350182,2024년 봄철 내화수림 조림사업,56659000,3,51508182,87.745,50324000
20240350183,2024년 봄철 지역특화 조림사업-1지구,60821000,3,55291818,87.745,54021000
20240350184,2024년 봄철 지역특화 조림사업-2지구,31771000,3,28882727,87.745,28003000
20240350194,복음공원 푸른숲 조성 공사,62000000,3,56363636,87.745,54643900
20240350196,부곡동 499-1번지 일원 배수로 정비공사,30180000,3,27436364,87.745,26674400
20240350197,부곡동 490번지 일원 노후도로 재포장공사,76530000,3,69572727,87.745,67476482
20240350198,지방하천 흑천(금곡리) 소규모 준설사업,96243000,3,87493637,87.745,85012050
20240350203,용문면 스마트쉼터(승강장) 설치공사,146889000,3,133535455,87.745,130094000
20240350211,오촌소하천 정비사업 시설공사 입찰 공고,1402180000,3,1274709091,86.745,1231693000
20240350216,2024년 행원지구(행원리 1389-2번지 일원)소규모 배수개선사업,177700000,3,161545455,87.745,157112899
20240350217,2024년 한경2지구(고산리 57-1번지 일원)소규모 배수개선사업,110000000,3,100000000,87.745,97796000
20240350219,2024년 김녕지구(김녕리 318번지 일원)소규모 배수개선사업,194370000,3,176700000,87.745,171763380
20240350227,송정산 산책로 맥문동 식재사업,76630000,3,69663636,87.745,67855800
20240350229,가은읍 작천천 수해복구공사(지원),135770000,3,123427272,87.745,119162000
20240350230,가은읍 수예천 수해복구공사(자력),117960000,3,107236363,87.745,104386500
20240350231,문경읍 상초리도로 정비공사,154000000,3,140000000,87.745,137860000
20240350232,동로면 사평천 수해복구공사(지원),611160000,3,555560000,87.745,541310040
20240350234,동로면 사부천 수해복구공사(지원),543190000,3,493809090,87.745,477363800
20240350235,가은읍 희양천 수해복구공사(총괄),1311600000,3,1192363636,86.745,1132091890
20240350247,서석면 수하리 수하교(서석209호선) 임시가도 설치공사,175899000,3,159908182,87.745,154675378
20240350249,신장대리 일원 도시재생 건강먹거리 지원공간(리모델링) 조성사업,125210000,3,113827273,87.745,110271966
20240350250,서석면 어론2리 솔치천 제방정비공사,32615000,3,29650000,87.745,
20240350251,서석면 생곡1리 구부소골 세천정비공사,28801000,3,26182727,87.745,
20240350252,내촌면 주민숙원사업 문현리 마을회관 앞 옹벽공사,72677000,3,66070000,87.745,
20240350253,내촌면 문현천 유지보수공사,42756000,3,38869091,87.745,
20240350260,통합실험실 리모델링 건축공사,188097730,3,170997937,87.745,165547820
20240400007,국도3호선(함창) 메타세쿼이아 조성공사,26740000,3,24309091,87.745,23667000
20240400008,상주 청죽 성람 묘갈 주변 정비사업,62440000,3,56763636,87.745,54839950
20240400010,남산근린공원 주차장 화단 조경공사,60610000,3,55100000,87.745,53510145
20240400011,내서 신촌리 가로화단 정비공사,25500000,3,23181819,87.745,22324200
20240400012,공성면 여남재 소공원 정비공사,37000000,3,33636364,87.745,32104000
20240400013,낙동 유곡1리(문현동) 마을안길 정비공사,38100000,3,34636364,87.745,33971900
20240400014,화서 상곡1리 세천정비 추가공사,32300000,3,29363637,87.745,28663598
20240400015,사벌국 화달2리 마을안길 확장공사,36400000,3,33090909,87.745,32090909
20240400016,북문 남적14통 용배수로 정비공사,47090000,3,42809091,87.745,41512033
20240400018,계림 낙상6통 농로 확포장공사,75100000,3,68272728,87.745,66030000
20240400043,"환경관리센터 주민지원기금 삭선3,8리 태양광 설치공사(입찰대행)",766007000,3,696370000,87.745,676867700
20240400047,서남문대교 수중부 아노드 재설치공사(재공고),328768000,2,298880000,87.745,288289020
20240400048,2024년 학교숲(소원초) 조성사업,69060000,3,62781819,87.745,61168060
20240400051,2024년 학교숲(안면고) 조성사업,55780000,3,50709091,87.745,49682773
20240400055,2024년 명품가로숲 관리사업,73000000,3,66363637,87.745,65227695
20240400064,하수처리장 내 조경관리공사,99950000,3,90863636,87.745,
20240400066,2024년도 농어촌 공용 보안등 상반기 신규 설치공사,86157000,3,78324545,87.745,76441800
20240400067,백수 길용2리 배수로 정비공사,72303800,3,65730727,87.745,63132000
20240400074,2024년 중원구 노후 포장도로 정비공사(1구역),213534000,3,194121819,87.745,189042140
20240400076,2024년 슬레이트지붕 해체공사(비주택 1권역),39672000,3,36065455,87.745,35072800
20240400080,2024년 중원구 노후 포장도로 정비공사(2구역),213534000,3,194121819,87.745,187483330
20240400081,구청사 공간 재배치 및 시설개선공사(전기),44800000,3,40727273,87.745,39479217
20240400083,법성 덕흥지구 생활환경 정비사업,140684890,3,127895354,87.745,123404000
20240400088,2024년 슬레이트지붕 해체공사(주택 1권역),63680000,3,57890909,87.745,56047927
20240400093,2024년 슬레이트지붕 해체공사(주택 2권역),82797000,3,75270000,87.745,72663000
20240400097,군남 설매지구 생활환경 정비사업,92480740,3,84073400,87.745,80676890
20240400103,2024년 경제림조림사업(은풍외지구),17106000,3,15550874,87.745,14948600
20240400105,2024년 슬레이트지붕 해체공사(주택 3권역),46918000,3,42652727,87.745,41200870
20240400114,연산천 아름다운 가로수 조성사업,95063000,3,86420909,87.745,84200000
20240400121,면도 102호선 재해복구 공사,45255000,3,41140909,87.745,40434000
20240400127,교하지구 보도정비공사,81824000,3,74385455,87.745,72767600
20240400130,우정리 배드민턴장 유지보수공사,95324000,3,86658182,87.745,84278654
20240400139,안마산로 연결숲 조성사업,170249000,3,154771819,87.745,150590000
20240400153,2024년 방범용 CCTV 신탄진권역 설치공사,33860000,3,30781818,87.745,30112170
20240400163,모전중학교 가스냉난방 도시가스배관 및 기타공사,47124000,3,42840000,87.745,41590962
20240400170,2024년 특화 조림사업(만천지구),68022000,3,61838182,87.745,60245000
20240400179,고양바이오매스에너지시설 가스저장조 지붕교체 및 벽체 도장공사,54391000,3,49446364,87.745,47818800
20240400180,부산중앙중학교 가스냉난방 도시가스배관 및 기타공사,41195000,3,37450000,87.745,36590670
20240400185,산림피해지 복구사업(여양시락지구),144259000,3,131144545,87.745,128668000
20240400191,2024년 방범용 CCTV 회덕권역 설치공사,33618000,3,30561818,87.745,29672680
20240400203,2024년 주요도로변 가로수 수형조절 공사,98000000,3,89090910,87.745,97450000
20240400206,2024년 방범용 CCTV 중리권역 설치공사,35623900,3,32385364,87.745,31276600
20240400211,2024년 부안군 슬레이트 철거공사 1권역,207966130,3,189060118,87.745,185624537
20240400218,2024년 부안군 슬레이트 철거공사 2권역,207966130,3,189060118,87.745,182933690
20240400219,"2024년 상반기 갈매,사노,교문,수택, 토평 지역 하수관로 흡입 준설공사",83100000,3,75545455,87.745,72991600
20240400231,2024년 부안군 슬레이트 철거공사 3권역,207966130,3,189060118,87.745,185556108
20240400240,2024년 부안군 슬레이트 철거공사 4권역,207966130,3,189060118,87.745,182960331
20240400241,사라수변공원 정비사업,188917000,3,171742727,87.745,166565600
20240400253,2024년 부안군 슬레이트 지붕개량 공사,108360000,3,98509090,87.745,96429900
20240400254,문화공원 정비사업,55777000,3,50706364,87.745,49137200
20240400258,탄천센터 토목건축시설물 보수 및 정비공사(연간단가),766430000,3,696754545,87.745,677822470
20240400265,2024년 원천·영통지구 근린공원 조경관리공사,99753000,3,90684546,87.745,87540511
20240400279,신정체육시설 배수로 정비공사,74378000,3,67616364,87.745,65992800
20240400290,중구 대영로 일원 외 1개소 포장보수공사,49300000,3,44818182,87.745,43603500
20240400296,별내1통 마을회관 신축공사[건축·기계],833918000,3,758107273,87.745,741816700
20240400299,2024년 영통지구 근린공원 조경관리공사,99222000,3,90201819,87.745,87724000
20240400305,2024년 사방시설 보수정비 공사,76400000,3,69454545,87.745,69080350
20240400310,2024년 주민참여예산 CCTV 설치 공사,181544000,3,165040000,87.745,160585500
20240400324,한국체육대학교 실내빙상장 전기제습기 설치공사,113041000,2,102764546,87.745,98689370
20240400329,적성면 애곡리 지방상수도 확장공사,80786000,3,73441818,87.745,71172720
20240400334,지산동 행정복지센터 일원 노후관 교체공사,91199000,3,82908182,87.745,79940688
20240400359,2024년 지하차도 저류조 및 배수로 준설 단가공사,227933,3,45454545,87.745,201010
20240400364,전주인후초 배드민턴훈련장 증축 소방공사,187899000,3,170817272,87.745,166794077
20240400372,2024년 지방하천 유지관리사업,92240000,3,83854546,87.745,80660530
20240400375,2024년 서면 월리 공원조성사업,42007000,3,38188182,87.745,36777000
20240400384,2024년 노인보호구역 개선사업,86831000,3,78937273,87.745,76904379
20240400395,소각재 배출 컨베이어 유지보수 공사,76340000,3,69400000,87.745,68660580
20240400401,2024년 도로 맨홀정비공사(단가),30741647,3,81818182,87.745,27258900
20240400419,2024년 밀원수조림사업 2차,30785000,3,27986364,87.745,27155000
20240400440,송정역 주변 등 관내 포장도로 보수공사,62508000,3,56825455,87.745,55342700
20240400447,청계면 상마리 342-1번지 상수도 공급관로 매설공사(계약대행),45340000,3,41218181,87.745,40067000
20240400453,진리항(내항) 보수보강 공사,78100000,3,71000000,87.745,69600000
20240400462,경주여자고등학교 그린스마트스쿨 조성 전기공사,1634232000,3,1520810000,0,1431397120
20240400478,강서8호점(화곡6동) 우리동네키움센터 리모델링 공사,95370000,3,86700000,87.745,84260030
20240400511,함안 데미기소하천 호안정비공사,95000000,3,86363637,87.745,83716900
20240400519,응추리(구화사) 농로개설 공사,278500000,3,253181819,87.745,243785800
20240400526,가야 석산소하천 호안정비공사,113000000,3,102727273,87.745,99061450
20240400532,칠서 강태소하천 호안정비공사,119000000,3,108181819,87.745,106395000
20240400535,2023년 산지 재해복구사업(오곡동),74460000,3,67690909,87.745,67096000
20240400537,함라면 도시생태축 복원사업 [구)금강농산 건축물 일부 철거공사],559743000,3,508857273,87.745,490230000
20240400540,신대리 542 도로 정비공사,113739000,3,103399840,87.745,99399400
20240400544,2024년 동백지하차도 외 5개소 준설 공사,311304000,3,283003636,87.745,271032490
20240400547,2024 녹동신항 공동체 정원 맨발길 조성사업,56139000,3,51035455,87.745,49822260
20240400548,2024년 임도보수사업,87216000,3,79287273,87.745,
20240400550,2024년 상반기 하수도 준설공사,108770000,3,98881819,87.745,96191000
20240400551,산인 골안소하천 호안정비공사,114000000,3,103636364,87.745,101086170
20240400554,한천 심곡제 제방도로 정비공사,194000000,3,176363637,87.745,169591650
20240400555,함안군 보건소 리모델링 공사,178970000,3,162700000,87.745,159724790
20240400558,덕촌2리 마을회관(경로당) 증축공사(건축·기계),117750000,3,107045455,87.745,114688000
20240400567,덕천1리 한식담장 정비공사,81970000,3,74518182,87.745,72256555
20240400569,밝고 안전한 탄천 만들기,195599000,3,177817273,87.745,170256390
20240400570,대연고가도로 밑 공영주차장 개선공사,24100000,3,21909091,87.745,21246000
20240400574,군서초 비탈면 보수공사 수의계약 안내 공고,23935000,3,21759091,87.745,21185661
20240400579,경호천 제방도로 정비공사,219000000,3,199090909,87.745,193747100
20240400584,초중2리 상습침수 방지공사,47238000,3,42943637,87.745,42058600
20240400593,2024년 보호수 및 보호림 생육환경 개선공사,177300000,3,161181819,87.745,155294240
20240400609,광탄3리 마을회관(경로당) 리모델링 공사(건축·기계),168410000,3,153100000,87.745,147454324
20240400610,2024년 부남지구 상반기 산림재해 피해예방사업,41710000,3,37918182,87.745,36730000
20240400612,왜관읍 도시계획도로 보행자 교통사고 다발지역 정비공사,44000000,3,40000000,87.745,38870100
20240400616,면천읍성 저잣거리 한옥 조성 사업(전기공사),93006000,3,84550909,87.745,82219220
20240400632,감만우성스마트시티뷰 앞 교차로 개선공사,32930000,3,29936364,87.745,28760116
20240400640,경기도교육청미래과학교육원 북부과학교육관 석면텍스 해체제거 공사,75586000,3,68714546,87.745,66858000
20240400647,2024년 봄철 산림재해방지 조림사업-1지구,17839000,3,16217273,87.745,15589500
20240400653,마을주민 보호구간 정비사업(행화마을),93830000,3,85300000,87.745,83139155
20240400654,탄천센터 최초침전지 내부보수공사(2처리장) - 지역의무공동도급,1729408000,3,1572189091,86.745,1509286000
20240400658,국지도69호선 경산(단북)지구 포장도 보수공사(*주력분야 : 포장공사),130360000,3,118509091,87.745,116498780
20240400662,2023년 지방하천 재해복구사업(탄천지구-성두천),71870000,3,65336364,87.745,63410770
20240400669,2024년 현동파천지구 상반기 산림재해 피해예방사업,54650000,3,49681818,87.745,48114300
20240400675,2024년 공주 고마나루 수목보호사업,97305000,3,88459091,87.745,85998000
20240400679,각산1리(외각) 구거정비공사,48400000,3,44000000,87.745,43109700
20240400680,광주전남지역대학 노후 소방시설 개선공사,71521000,2,65019091,87.745,62374927
20240400682,어르신 전용체육공간 조성공사(파크골프장),231095000,3,210086363,87.745,205085000
20240400688,화촌면 내삼포리 상수도 노후관 개량사업,283953000,3,258139091,87.745,
20240400689,대전관평중 교실증축 전기공사,657821000,3,598019091,87.745,583828000
20240400691,남산 평기2리 배수로 정비공사,79800000,3,72545455,87.745,70145000
20240400693,2024년 상수도시설 확충공사(서면 서상리 396-5번지 일원),80963000,3,73602727,87.745,71545000
20240400695,2024년 학교숲 조성사업,61400000,3,55818182,87.745,54407020
20240400698,리도201호(양항리) 도로정비공사(토목공사업),207000000,3,188181819,87.745,183525000
20240400699,옹점리 신기천 호안정비공사,47480000,3,43163636,87.745,41741780
20240400705,2024년 강릉시 일원 차선도색공사(용지로 외 2개소),110940000,3,100854550,87.745,97576340
20240400707,보강천 제방 수해복구공사,69534000,3,63212728,87.745,60935600
20240400711,연무초등학교 다목적강당 증축공사,1301448000,3,1183134546,86.745,1128514000
20240400714,농다리 관광기반 확충사업,363151000,3,330137273,87.745,317304140
20240400720,지방도 494호선(남면 유치리) 상수도관 매설지역 도로보수공사,39439000,3,35853636,87.745,
20240400732,2024년 LED 보안등 교체사업,40216000,3,36560000,87.745,35970955
20240400737,연무초등학교 다목적강당 증축 기계설비공사,28106000,3,25550910,87.745,24967890
20240400738,진평동(강동병원~인동고등학교) 도로정비 전기공사,43600000,3,39636364,87.745,38558500
20240400749,소각시설내화물보수공사,166178000,3,151070909,87.745,146859600
20240400751,강진읍 도시계획도로(탐진로) 재포장공사,123816000,3,112559999,87.745,108911000
20240400752,2024년 도시숲 정비사업(후평동 자투리땅),61088000,3,55534545,87.745,53622591
20240400753,너울숲공원 탄소제로 놀이터 조성사업,47258000,3,42961819,87.745,41634870
20240400755,양잠1리 마을안길 포장공사,23948000,3,21770909,87.745,21089000
20240400756,"2024년 상반기 청원구 로원,교통섬,중앙분리대 관리사업(북이,오창지구)",74280000,3,67527273,87.745,66883000
20240400759,달산3리 배수로 및 도로포장 공사,23698000,3,21558728,87.745,20743370
20240400760,양잠2리 아스콘 덧씌우기 공사,42717000,3,38833637,87.745,37232700
20240400761,"2024년 상반기 청원구 로원,교통섬,중앙분리대 관리사업(율량2지구)",42020000,3,38200000,87.745,37413000
20240400762,산후리 수로관 정비공사,23159000,3,21114182,87.745,20477000
20240400765,중장6리 배수로 정비공사,35620000,3,32381819,87.745,31334000
20240400766,충북 혁신도시 택시승강장 설치공사,87900000,3,79909091,87.745,78181000
20240400768,2024년 상반기 띠녹지 관리사업(청원),62458000,3,56780000,87.745,55428360
20240400770,재난위험시설 장관교 정비사업(특허공법),179560000,3,163236364,87.745,158567007
20240400772,삭선3리 배수로 정비공사,26599000,3,24180909,87.745,23373000
20240400773,2024년 강릉시 일원 차선도색공사(동해대로),84080000,3,76436360,87.745,73859862
20240400778,해양치유센터 옥외전력인입(지중화) 공사,223740000,3,203400000,87.745,197391706
20240400781,2024년 강릉시 일원 차선도색공사(금성로 외 2개소),94230000,3,85663640,87.745,83245000
20240400783,2024년 상반기 녹지 관리사업(상당-동남1지구),47000000,3,42727273,87.745,41222080
20240400785,2024년 강릉시 일원 차선도색공사(강변로),118240000,3,107490910,87.745,104199000
20240400795,2024년 상반기 녹지 관리사업(상당-동남2지구),41800000,3,38000000,87.745,37275324
20240400801,2024년 강릉시 일원 차선도색공사(해안로),112950000,3,102681820,87.745,102896320
20240400804,동상 산천마을 대아천 석축 설치사업,37400000,3,34000000,87.745,32714400
20240400809,대합 유산마을 안길 재포장공사,27900000,3,25363637,87.745,24588370
20240400811,2024년 강릉시 일원 차선도색공사(경강로),109090000,3,99172730,87.745,96657000
20240400813,"2024년 상반기 녹지 관리사업(상당-용암1,2지구)",45000000,3,40909091,87.745,39655980
20240400815,2024년 완충녹지 생태환경 개선사업,45500000,3,41363636,87.745,40063930
20240400821,2023년 군도2호(봉오삼거리 일원) 배수로 정비공사,31995000,3,29086364,87.745,28458890
20240400822,유덕중 등 4교 배관교체 및 기타 기계설비공사 수의계약 안내공고,182292000,3,165720000,87.745,159373770
20240400823,노달천(노달리) 제방정비공사(주력:토공사),27100000,3,24636364,87.745,24274330
20240400832,2024년 강릉시 일원 차선도색공사(주문진),171360000,3,155781820,87.745,150958418
20240400835,동상 은천마을 대아천 석축 설치사업,31130000,3,28300000,87.745,27523000
20240400847,2024년 강릉시 일원 차선도색공사(율곡로),134770000,3,122518180,87.745,119865803
20240400849,군도7호선(안동포대 인근) 사면 정비공사,32120000,3,29200000,87.745,28814642
20240400850,기적의도서관 방수공사,27280000,3,24800000,87.745,23776400
20240400851,2024년 가로수 조형전지사업,129316000,3,117560000,87.745,114947300
20240400852,2024년 명품가로숲길 조성공사,79242000,3,72038182,87.745,68720162
20240400853,요원천(요원리) 제방정비공사(주력:토공사),45940000,3,41763637,87.745,40437165
20240400858,2024년 강릉시 일원 차선도색공사(강릉대로),112080000,3,101890910,87.745,99823544
20240400869,재해복구사업(석장리동 시도25호),69100000,3,62818182,87.745,61443680
20240400883,입암 군계획도로(소로3-4호선) 개설공사(토목공사업),113770000,3,103427273,87.745,101249670
20240400884,2024년 강릉시 일원 차선도색공사(토성로 외 7개소),119730000,3,108845450,87.745,105655020
20240400892,삼성현로 가로수길 수목 식재 공사,80000000,3,72727273,87.745,70314245
20240400893,경북기계금속고등학교 기계설비동 리모델링 전기공사,546414000,3,496740000,87.745,484661812
20240400899,안산천변 산책로 정비공사,229130000,3,208300000,87.745,204153460
20240400902,재해복구사업(신풍면 쌍대리 시도14호),45880000,3,41709091,87.745,40819750
20240400904,비봉면 용천리 수로관 정비공사,28660000,3,26054546,87.745,25257603
20240400913,입장면 가산리 농어촌도로(리도213호) 정비공사,112366000,3,102150909,87.745,98572300
20240400919,운주 옥배마을 콘도롬소하천 옹벽 설치사업,26620000,3,24200000,87.745,23659400
20240400933,김정선생묘소일원 주차장 보수공사,68413000,3,62193636,87.745,60151000
20240400943,추곡지구 수리시설개보수사업(저수지준설) 토목공사 발주,290686000,2,264260000,87.745,255205010
20240400944,김해천문대 관측실 리모델링 공사,72619000,3,66017273,87.745,64541500
20240400946,청남면 청소리 리도202호 도로확포장공사,47480000,3,43163637,87.745,41573488
20240400964,경북기계금속고등학교 기계설비동 리모델링 소방공사,211948000,3,192680000,87.745,187898360
20240400966,면천읍성 저잣거리 한옥 조성 사업(통신공사),30661000,3,27873636,87.745,27206015
20240400967,정산면 와촌리 농로 및 수로 보수공사,30500000,3,27727273,87.745,26954680
20240400970,대합 유산(낮질)농로 포장공사,31800000,3,28909091,87.745,28451700
20240400976,서변동 1630-242번지 일원 노후 보도 정비공사,85194000,3,77449091,87.745,74423700
20240400979,서재중학교 학교숲 조성공사,58300000,3,53000000,87.745,51111771
20240400987,경천 석장마을 사교소하천 석축 설치사업,29579000,3,26890000,87.745,26135100
20240400993,지방도930호선 주왕산 항리도로 재해복구공사,337680000,3,306981819,87.745,302278100
20240401002,화양면 대하리 농로 정비공사,50810000,3,46190909,87.745,44982900
20240401003,도리원초등학교 화장실개선 기계설비공사 견적제출 안내 공고,136224000,3,123840000,87.745,120854630
20240401009,면천면 삼웅2리 관정설치공사,64000000,3,58181818,87.745,56035000
20240401010,2024년 춘기조림사업(산림재해방지 외),45002000,3,40910910,87.745,39719000
20240401017,구로4빗물펌프장 외 2개소 방수공사,199000000,3,180909091,87.745,176410000
20240401029,2024년 영등포아리수정수센터 전기설비 유지보수 공사,129987000,3,118170000,87.745,113774499
20240401040,2024년도 장사시설팀 예초 및 전정,69000000,3,62727273,87.745,60778810
20240401041,척산소하천 수해복구공사(재난복구공사),49551000,3,45046364,87.745,43888000
20240401048,구이 효간마을 신원소하천 석축 설치사업,24327000,3,22115455,87.745,21424800
20240401052,2024년 어린이보호구역 개선사업,176080000,3,160072727,87.745,156483130
20240401054,고양시 차량등록과 청사 민원창구 리모델링 공사,43461000,3,39510000,87.745,38429349
20240401056,대전관평중 교실증축 소방공사,495611000,3,450555455,87.745,437661977
20240401058,관평천 하도정비공사 소액수의 견적제출 안내공고,172365000,3,156695455,87.745,153852660
20240401066,2024년 주요 가로변 경관개선공사,42544000,3,38676364,87.745,37577400
20240401076,연향2지구 등 2개소 차선 도색공사,63876000,3,58069091,87.745,56836000
20240401080,남이 대련2리 구거정비공사,23821000,3,21655455,87.745,21010250
20240401082,도리원초등학교 화장실개선 전기공사 견적제출 안내 공고,60786000,3,55260000,87.745,54051650
20240401094,보령아산병원  증축공사(건축.토목.기계),5701486310,3,5183169380,85.495,
20240401097,고대면 당진포3리 마을안길 포장공사,41627000,3,37842727,87.745,36643670
20240401102,000 탄받이 보수공사,362000000,2,329090909,87.745,327157020
20240401103,정수장 소형생물 대응체계 구축사업,308088000,3,280080000,87.745,276069700
20240401108,화곡1-1 공영주차장 옥상 방수공사,83638000,3,76034546,87.745,72739673
20240401111,원적로(롯데마트) 일원 보도정비공사,163999000,3,149090000,87.745,146962480
20240401113,증평시가지 보행환경 개선사업(횡단보도 턱낮추기사업),42161000,3,38328182,87.745,36874700
20240401118,상관 마수대마을 원마치소하천 석축 설치사업,30014000,3,27285455,87.745,29000000
20240401119,대전관평중 교실증축 정보통신공사,267100000,3,242818182,87.745,232986667
20240401123,대합 구미지구 용수로 교체공사,67400000,3,61272728,87.745,59415550
20240401124,내촌 하수처리장 진입도로 개설공사,236500000,3,215000000,87.745,210010953
20240401134,2024년 부평구 굴착도로재포장공사(연간단가),144133000,3,131030000,87.745,127545060
20240401141,지축동 삼송취락(소로2-422호선) 도로개설공사,277689000,3,252444545,87.745,245316020
20240401155,함라면 신대리 753-2번지 외 1개소 농로포장공사,29953000,3,27230000,87.745,26068158
20240401157,오륜동 선박계류장 사무실 화장실 설치공사,138116000,3,125560000,87.745,121250655
20240401171,[광주예술의전당 관리동 지하 기계실 노후 냉방용 펌프 등 교체공사] 수의견적 제출안내 공고,143893000,3,130811818,87.745,126316000
20240401180,풍각월봉묘봉지보수보강공사,83435000,3,75850000,87.745,74377226
20240401181,남선천 재해복구사업 (재해복구공사),38678000,3,35161818,87.745,34306970
20240401186,대전샘머리초 급식실 증축 및 기타 전기공사,329370000,3,299427273,87.745,288780190
20240401189,2024년 덕양구 보안등 LED 교체사업,43440000,3,39490909,87.745,38383370
20240401190,2024년 CCTV 설치 및 교체공사,186346000,3,169405455,87.745,165152000
20240401192,분평동 1439번지 일원 아스콘 덧씌우기공사,27636000,3,25123637,87.745,24357450
20240401193,청해학교 오수펌프장 압송관로 신설공사,147880000,3,134436364,87.745,131940344
20240401197,2024년 농업생산기반시설 보수공사(남부권3차) 단가계약,45000000,3,40909091,87.745,39212680
20240401205,승강기 성능개선공사(이촌역 앞 지하보도 및 서빙고역사),79471000,3,72246364,87.745,71566000
20240401209,단양읍 장현리(송골) 배수로 설치공사,27396000,3,24905455,87.745,24285079
20240401217,대전샘머리초 급식실 증축 및 기타 정보통신공사,48554000,3,44140000,87.745,43323060
20240401219,2024년 서원구 노후 가로등 LED 교체공사,57783000,3,52530000,87.745,50659700
20240401222,내성초등학교 체육관 보수 전기공사 수의견적제출 안내 공고,72765000,3,66150000,87.745,63539680
20240401223,"2024년 상반기 녹지관리사업(수벽, 옥산지구, 도시숲)",79250000,3,72045455,87.745,70032433
20240401227,청도드림생활봉사센터차고건축,87384000,3,79440000,87.745,77087763
20240401233,낙동119안전센터 신축 건축공사,1825252000,3,1659320000,86.745,1596294200
20240401237,노학동 순두부마을 오수관로 정비공사,193700000,3,176090910,87.745,172887000
20240401258,초촌면 문화마을 정비사업,43510000,3,39554546,87.745,38050390
20240401260,2024년 노인보호구역 개선사업,54365000,3,49422727,87.745,47563300
20240401262,"2024년 상반기 흥덕구 녹지관리사업(복대, 비하지구)",29610000,3,26918182,87.745,26177500
20240401276,녹지 및 가로화단 식생관리공사(송출-남부1권역),153059000,3,139144546,87.745,136379000
20240401279,2024년 차선도색 및 노면표시 유지보수 공사(총액단가 3차),1320170,3,54545455,87.745,1175801
20240401282,은산천 지방하천 유지관리사업,198000000,3,180000000,87.745,177591300
20240401288,무봉리 혼잡도로 확장 및 보행로 개선공사,177912000,3,161738182,87.745,159719800
20240401297,녹지 및 가로화단 식생관리공사(송출-남부2권역),168378000,3,153070910,87.745,148657000
20240401298,2024년 내산면 율암3리 옹벽설치공사,30584000,3,27803637,87.745,27110920
20240401301,2024년 방범용 CCTV 설치공사,191325000,3,173931819,87.745,167818907
20240401303,2024년 농촌보안등 설치공사(1구역),39098000,3,35543636,87.745,34579042
20240401305,제설기지 이전부지 주차장 주변 정비사업,65406000,3,59460000,87.745,58138800
20240401315,공덕면 동촌마을 배수로공사,29876000,3,27160000,87.745,26387500
20240401316,2024년 내화수림대 조성사업,51381000,3,46710000,87.745,44976880
20240401317,산곡동 133-1 농로 포장공사,28050000,3,25500000,87.745,24555480
20240401318,2024년 농촌보안등 설치공사(2구역),37538000,3,34125455,87.745,33457900
20240401320,2024년 초촌면 송정2리 농로확포장공사,40230000,3,36572728,87.745,35318000
20240401326,녹지 및 가로화단 식생관리공사(송출-북부1권역),169813000,3,154375455,87.745,150292151
20240401329,어달동 195번지 비탈면 붕괴 재해복구 공사,165230000,3,150209090,87.745,147452916
20240401330,차수시설 교체 및 외부난간 밀폐공사,161223700,3,146567000,87.745,143037410
20240401337,"2024년 상반기 흥덕구 녹지관리사업(가경, 강서지구)",71380000,3,64890909,87.745,62379120
20240401340,2024년도 수영구 상습침수지 하수관로 준설공사,170796000,3,155269091,87.745,150265570
20240401344,2024년 교통관리시스템 노후 전원공급설비 교체공사,198170000,3,180154546,87.745,177000252
20240401348,공덕면 상조마을 배수로공사,30844000,3,28040000,87.745,27174190
20240401349,2024년 구룡면 용당3리 경작로 정비공사,32950000,3,29954546,87.745,29219000
20240401351,녹지 및 가로화단 식생관리공사(송출-북부2권역),110509000,3,100462727,87.745,98945500
20240401352,지방도 기전시설 정비공사,139981000,3,127255455,87.745,123040569
20240401355,안양1동 관악대로 우체국사거리 일원 노후관 교체공사,172700000,3,157000000,87.745,153251961
20240401362,2024년 등산로 정비사업(상반기),39574000,3,35976364,87.745,35168270
20240401370,2024년 홍산면 무정2리 옹벽설치 및 경작로 포장공사,32601000,3,29637273,87.745,28638100
20240401375,부여군 조기경보시스템 보강 교체공사,49931000,3,45391818,87.745,43733559
20240401377,전동리(561번지 일원) 급수취약지역 상수도 공급사업,114480000,3,104072727,87.745,102411000
20240401385,안양9동 우성1차아파트 일원 노후관 교체공사,181610000,3,165100000,87.745,160783720
20240401390,2024년 상반기 녹지관리사업(테크노폴리스 지구),38410000,3,34918182,87.745,34526552
20240401392,레인보우 힐링관광지 수목 유지관리 공사,87890000,3,79900000,87.745,77332600
20240401393,바람길숲(국도1호선)띠녹지 식생유지관리공사,110623000,3,100566364,87.745,98019820
20240401395,검산동 진관마을 옹벽설치공사,44407000,3,40370000,87.745,39582400
20240401396,국가하천(수영강) 호안 보수보강 공사 2차,142901000,3,129910000,87.745,125198600
20240401398,남면 마정4리 송촌마을 정비사업(농촌활력),25756000,3,23414546,87.745,23178200
20240401399,입암초등학교-내장IC(군도2호선)외1개소아스콘재포장공사,24964000,3,22694545,87.745,21983396
20240401409,오천면 의용소방대청사 리모델링 공사(건축),78567000,3,71424545,87.745,69319000
20240401414,백산면 상상마을 배수로공사,38060000,3,34600000,87.745,33314930
20240401415,2024년 상반기 청원구 녹지관리사업(율량2지구1),48840000,3,44400000,87.745,43357390
20240401416,세도면 청포4리 옹벽공사(정주환경),36016000,3,32741819,87.745,31851000
20240401421,영원면앵성리1038-1047단풍미인쌀단지용수로정비공사,119802000,3,108910909,87.745,106368329
20240401422,"2024년 공릉천 수계 소하천, 공유수면 예초 사업(연간단가)",145200000,3,132000000,87.745,128782000
20240401423,가평초 급식실 현대화 공사,903249000,3,821135455,87.745,796900900
20240401424,종합운동장 실외테니스장 고객편의시설 개보수 공사(도급공사) 소액수의 견적제출 안내공고,124283000,3,112984545,87.745,110514360
20240401425,고덕산단(1권역)식생유지관리공사,190000000,3,172727273,87.745,167621923
20240401430,고지지구 수리시설 정비사업,524634000,3,476940000,87.745,462935500
20240401431,2024년도 하사미동 524-119번지 농로포장공사,39842000,3,36220000,87.745,35233020
20240401438,2024년 공릉천 수계 지방하천 예초 및 지장수목 제거사업 연간단가,164363100,3,149421000,87.745,144940040
20240401440,구룡면 태양1리 농로포장공사(정주환경),33407000,3,30370000,87.745,29139390
20240401441,백산면 석교리 후석마을 배수로공사,38621000,3,35110000,87.745,34312630
20240401444,2024년 상반기 청원구 녹지관리사업(율량2지구2),62570000,3,56881819,87.745,55852033
20240401445,영원면후지리899용수로정비공사,43144000,3,39221818,87.745,38357848
20240401449,고덕산단(2권역)식생유지관리공사,155000000,3,140909091,87.745,135815194
20240401450,2024년 산사태 예방사업(독산동 산118-16),76950000,3,69954545,87.745,
20240401451,(가칭)온라인학교 리모델링 기계설비공사 수의계약 안내공고,98267000,3,89333637,87.745,85886065
20240401455,관양2동 인덕원로8번길 일원 노후관 교체공사,203280000,3,184800000,87.745,180065424
20240401464,제주공항 여객터미널 및 기타시설 방수공사,390036000,2,354578182,87.745,346208100
20240401465,영원면앵성리1320-1376단풍미인쌀단지용수로정비공사,71533000,3,65030000,87.745,62502570
20240401468,지방도1034호선 합천 율곡지구 외 6개소 도로사면 정비공사,249150000,3,226500000,87.745,224495690
20240401469,용문119안전센터 신축 건축공사,1907730000,3,1734300000,86.745,1661168605
20240401473,옥곡면 수평마을 번천골 농로 확포장공사,54310000,3,49372727,87.745,47823800
20240401474,도평초등학교 급식소 증축 및 기타공사 입찰 공고(긴급),1334751000,3,1213410000,86.745,1157033000
20240401476,덕양구 저류지 자동문 및 원격제어시스템 구축공사(전기),183705000,3,167004547,87.745,162367680
20240401477,백운면 운학1리 중촌 석축설치공사,50410000,3,45827273,87.745,44569520
20240401497,근린공원 녹지관리사업(서원1),46761000,3,42510000,87.745,41108300
20240401501,2023년 청포지구 지표수보강 개발사업,940510000,3,855009091,87.745,825902610
20240401503,혁신도시 어린이 놀이공간 조성사업,261214000,3,237467273,87.745,229949000
20240401505,2024년 팔봉산 등산로 정비사업(도민체전 구간),34742000,3,31583637,87.745,31434000
20240401509,2024년 가로녹지 경관개선사업,59202000,3,53820000,87.745,51722993
20240401517,2024년 복지시설 나눔숲 조성공사(선경우전문요양원),116104000,3,105549091,87.745,102913074
20240401518,송기지구 수원공 수리시설개보수사업,575487000,2,523170000,87.745,509589999
20240401519,고덕산단(3권역)식생유지관리공사,176500000,3,160454546,87.745,156732958
20240401528,2024년도 하사미동 199번지 농로포장공사,45320000,3,41200000,87.745,40341886
20240401533,온고을로(덕진경찰서~GS칼텍스) 일원 자전거도로 정비공사,120593000,3,109630000,87.745,106793000
20240401538,녹삼교 일원 침수구역 우수관로 신설공사,137890000,3,125354546,87.745,123188000
20240401543,2024년 사방시설 유지관리사업,43888000,3,39898182,87.745,39787700
20240401547,고부면덕안리977기게화경작로확포장공사,158840000,3,144400000,87.745,140297400
20240401552,광양읍 임기마을 배수로 설치공사,29995000,3,27268181,87.745,26610751
20240401559,용문119안전센터 신축 전기공사,200860000,3,182600000,87.745,177656780
20240401561,근린공원 녹지관리사업(서원2),33485000,3,30440909,87.745,29401600
20240401569,고부면당덕제포장공사,29480000,3,26800000,87.745,25821870
20240401570,속초 교동게이트볼장 환경개선공사(전기),49874000,3,45340000,87.745,43300670
20240401573,2024년 제4산업단지 녹지유지관리 단가공사,198660,3,180600,87.745,177330
20240401575,신지면 신상리 준설사업,45000000,3,40909091,87.745,39934000
20240401580,옹동면척천마을배수로설치공사,37375000,3,33977273,87.745,32687000
20240401584,목면 대평리 치성천 퇴적토 정비사업,70000000,3,63636364,87.745,61959205
20240401587,이반성면사무소 방수공사,29623000,3,26930000,87.745,26068690
20240401601,2024년 사방댐 유지관리사업,86748100,3,78861909,87.745,78695000
20240401604,용안생태습지 목재데크 재설치공사,200761000,3,182510000,87.745,177721500
20240401605,웅천읍 의용소방대 리모델링 공사(건축),91601000,3,83273636,87.745,80974370
20240401608,송산동16-1기계화경작로확포장공사,26101000,3,23728182,87.745,22935800
20240401610,노후가로등주 및 가로등제어반 정비사업(상림리 권역),27780000,3,25254545,87.745,24439000
20240401613,낙동119안전센터 신축 전기공사,200365000,3,182150000,87.745,177737480
20240401615,정산면 남천리 어천 퇴적토 정비사업,40000000,3,36363637,87.745,35200000
20240401620,공사(수의)견적 제출안내[배곧2로 교차로 정비공사(토목)],140608000,3,127825454,87.745,124146880
20240401627,시흥그린센터 폐기물 보관장 개선공사(통신),49863000,3,45330000,87.745,43728300
20240401630,백운면 원월리 응평 마을안길 포장공사,29567000,3,26879091,87.745,25794495
20240401631,2024년 사상구 방범용 CCTV 설치공사,228395000,3,207631818,87.745,204649095
20240401639,향동천 친수공간 환경개선사업,492141000,3,447400909,87.745,432212100
20240401641,조경지 유지관리 단가공사,407930,3,370845,87.745,356546
20240401642,하대동행정복지센터 방수공사,31086000,3,28260000,87.745,27093148
20240401644,비봉면 록평리 강촌천 퇴적토 정비사업,30000000,3,27272728,87.745,26174000
20240401645,신장1지구(연꽃길) 배수로 정비공사,86340000,3,78604455,87.745,76622430
20240401647,노후가로등주 및 가로등제어반 정비사업(대동리 권역),30790000,3,27990909,87.745,27468930
20240401652,건설기계 공영주기장 가로등 설치공사,27005000,3,24550000,87.745,23999880
20240401667,광주효동초 옥상방수 및 기타시설공사 수의계약 안내공고,172188000,3,156534545,87.745,150941940
20240401669,안성중부 녹지 유지관리 단가공사,407930,3,370845,87.745,356546
20240401675,백운면 평동1리 갈미 마을안길포장 정비공사,43328000,3,39389091,87.745,38317300
20240401680,도성초등학교 교실 증축 공사 입찰 공고,762320000,3,693018182,87.745,675309850
20240401690,아시아 디지털가든 태양광발전시설 설치 전기공사,96690000,3,87900000,87.745,85017240
20240401691,[재난복구공사]질곡천 재해복구사업,109010000,3,99100000,87.745,97314110
20240401697,안성서부 녹지 유지관리 단가공사,407930,3,370845,87.745,363330
20240401700,의령 도시계획도로 (소로2-8호선) 개설사업,144400000,3,131272727,87.745,128130300
20240401704,2024년 등산로(마장재~우두산~의상봉) 정비사업,146122000,3,132838182,87.745,132549000
20240401705,전통시장 시설현대화사업(노후 CCTV 교체사업),72171000,3,65610000,87.745,63907130
20240401716,정촌면사무소 보수공사,31933000,3,29030000,87.745,28061510
20240401718,태백시 백두대간 문화철도역(추전역 전기공사) 연계협력사업,42185000,3,38350000,87.745,37436450
20240401723,고금면 가교리(음마동) 선착장 정비사업,51050000,3,46409091,87.745,45068300
20240401729,[재난복구공사]23년 수해지역(남포 옥서리 104) 복구공사,35686000,3,32441818,87.745,31342690
20240401731,"2024년 감나무 가로수 굴취, 식재 조성사업",31854000,3,28958181,87.745,27782773
20240401733,아양서부 녹지 유지관리 단가공사,407930,3,370845,87.745,361870
20240401734,만당 플레이파크 조성공사,180814000,3,164376364,87.745,158789800
20240401737,대천해수욕장 야영장 가로등 정비공사,48345000,3,43950000,87.745,42953280
20240401746,2024년 녹지 및 가로수 병해충 방제 단가공사,2046000,3,31818182,87.745,1794330
20240401747,미원면 운교리 12-4번지 등 3개소 구거 수해복구공사,74410000,3,67645455,87.745,66394500
20240401753,용성초등학교 급식소 및 종합학습실 증축공사 입찰공고,2143713000,3,1948830000,86.745,1870396000
20240401754,안성동부 녹지 유지관리 단가공사,414680,3,376982,87.745,373800
20240401757,노곡리(지방도387호선)마을주민 보호구간 개선공사,248883000,3,226257273,87.745,220870700
20240401762,2024년 경남대표도서관 본관 5층 옥상 방수공사,37318000,3,33925455,87.745,32731130
20240401768,오현로9길 45 주변 등 4개소 원형관로 보수공사,732000000,3,665454546,87.745,646390400
20240401769,"2024년 중앙분리대 유지관리공사(제·예초, 관목 전정)",48189000,3,43808182,87.745,42649200
20240401774,2024년 지역특화 조림사업(부리지구),63715000,3,59637000,87.745,55475130
20240401782,[재난복구공사]남심소하천 수해복구 사업,40980000,3,37254545,87.745,36502400
20240401786,2024년 생활권 등산로(흰대미산~수도산~단지봉) 정비사업,228800000,3,208000000,87.745,203418900
20240401790,애월리(부갱이길) 농로개설공사(2구간),153714000,3,139740909,87.745,133879400
20240401791,아양동부 녹지 유지관리 단가공사,414680,3,376982,87.745,367694
20240401792,남정면 부흥~원척 상수관로 정비공사 견적제출 안내공고,107000000,3,97272728,87.745,94671000
20240401797,설화명곡역 전기선로전환기 개량 공사,53610000,3,53610000,87.745,47170468
20240401799,장재리 아스콘 덧씌우기공사,25130000,3,22845455,87.745,22252000
20240401803,경원선 서빙고~한남간 4.200km부근 등 2개소 울타리설치 기타공사,324812000,2,295283636,87.745,
20240401804,2024년 지역특화 조림사업(진산남이지구),47759000,3,45130000,87.745,42114800
20240401806,약산 가사해수욕장 재해위험시설 정비공사,24480000,3,22254546,87.745,21585000
20240401814,대동리 회전교차로 경관개선 전기공사,94446000,3,85860000,87.745,83126620
20240401817,백운면 가정리 마을안길 박스 설치공사,35452000,3,32229091,87.745,31606000
20240401818,궁류 다현골소하천 정비사업,1189840000,3,1081672727,86.745,1030569000
20240401820,태백시 백두대간 문화철도역(추전역 등) 연계협력사업,440873000,3,400793636,87.745,387392500
20240401822,[재난복구공사]대한소하천 정비사업,76480000,3,69527272,87.745,67617900
20240401827,남파로 녹지 유지관리 단가공사,414680,3,376982,87.745,368653
20240401830,3.15아트센터 소방설비 교체공사,82566000,3,75060000,87.745,73177000
20240401832,영월초 운동장 외부환경개선공사,135417000,3,123106364,87.745,120302087
20240401834,삼척시립 도계노인요양원 조경공사,104377000,3,94888182,87.745,91396850
20240401836,대전관평중 교실증축 기계설비공사,469403000,3,426730000,87.745,411617200
20240401837,2024년 체육사업부 제초정비사업,332520000,3,302290909,87.745,295314784
20240401839,고양형 임대주택(토당동 382-5) 해체공사,514530000,3,467754545,87.745,484376950
20240401841,원평동 마을안길 아스콘 덧씌우기공사,24072000,3,21883637,87.745,21155312
20240401843,구성리 농로 보수공사,56389000,3,51262727,87.745,50304810
20240401845,2024년 군도4호선(지포리 일원)도로포장 유지보수사업,62650000,3,56954545,87.745,55620720
20240401856,산업단지 녹지 유지관리 단가공사,62860,3,57145,87.745,55406
20240401858,2024년 북부소방서 신설 소방용수시설 설치공사,54798000,3,49816364,87.745,48280710
20240401859,오봉지구 농업생산기반시설 정비공사,54202000,3,49274545,87.745,48432000
20240401865,[재난복구공사]길현천 재해복구사업,55925000,3,50840909,87.745,49202640
20240401870,2024년 청양리 1-23일원 인도교 설치공사,87485000,3,79531818,87.745,77341990
20240401874,거진지구 수리시설 재해복구사업,27690000,3,25172727,87.745,24413780
20240401878,고태소하천 호안 정비사업,69660000,3,63327273,87.745,62256000
20240401884,공도택지 녹지 유지관리 단가공사,414680,3,376982,87.745,365610
20240401891,소규모 위험시설(창곡세천) 정비사업,232500000,3,211363637,87.745,203482400
20240401894,인흥1리 농로 포장공사,48792000,3,44356364,87.745,43261000
20240401895,신반천(농공단지) 하상정비사업,80000000,3,72727273,87.745,69504800
20240401896,백운면 화당1리 배수로 설치 및 포장공사,42817000,3,38924546,87.745,37614490
20240401898,2024년 수리산도립공원 사방사업,73197000,3,66542728,87.745,64468400
20240401900,2024년 생활환경개선사업(율이리 배수로),39880000,3,36254546,87.745,34873600
20240401906,산두마을 쉼터 조성공사,38000000,3,34545455,87.745,33665900
20240401910,[재난복구공사]개화천 재해복구사업,46320000,3,42109090,87.745,40643000
20240401915,공도교외 녹지 유지관리 단가공사,407930,3,370845,87.745,356546
20240401921,정지초 전력증설 전기공사,33243000,3,30220909,87.745,29232925
20240401925,가경로(형석2차~신라APT) 일원 보도정비공사,31041000,3,28219091,87.745,27254290
20240401926,광산2리 맑은 물 공급사업,376070000,3,341881818,87.745,333724000
20240401934,[재난복구공사]명천1통 옹벽 및 가드레일 복구공사,59516000,3,54105454,87.745,53058600
20240401940,2024년 3호선 경복궁역 메트로미술관 철거에 따른 전기공사,366838480,3,333489527,87.745,325366400
20240401945,하장면 용연리(군도10호선) 도로정비공사,76800000,3,69818182,87.745,68430000
20240401949,시청사 노후 냉난방기 교체공사,107998000,3,98180000,87.745,96555140
20240401953,[재난복구공사]봉덕1리(501-10) 배수로 정비공사,86425000,3,78568181,87.745,76702400
20240401957,운천동 386-1번지 일원 보도정비공사,40369000,3,36699091,87.745,35175776
20240401959,쌈지공원 및 쉼터 유지관리 단가공사,407930,3,370845,87.745,362925
20240401967,도계 전천후 테니스장 창호정비공사,77370000,3,70336364,87.745,67654000
20240401978,2024년 함안소방서 긴급차량 우선신호시스템 설치 공사,197670000,3,179700000,87.745,182350575
20240401982,115블록 외 1개블록 연안동 일원 노후관교체공사,554323000,3,503930000,87.745,487935555
20240401989,하늘정원 2단계 조성공사,369792000,3,336174546,87.745,324296200
20240401991,2024년 한우산 생태숲 데크 정비사업,105609000,3,96008182,87.745,93737140
20240401992,2024년 사방댐 설치공사(상덕리 48-2),152905000,3,139004545,87.745,135170000
20240401994,"마전동 행정복지센터 신축공사(건축,토목,기계,조경)",6014383000,3,5467620909,85.495,5268205373
20240401995,안성시자원회수시설 크레인설비 개선공사,67600000,3,61454545,87.745,
20240402005,간송미술관 주변 생활환경숲 조성공사,179160000,3,162872728,87.745,157279718
20240402006,소야2리 배수로 설치공사,41470000,3,37700000,87.745,36728050
20240402012,꽃식재 및 유지관리공사(분당지구),82166600,3,74696909,87.745,72434786
20240402014,근덕면 용화천 소하천정비공사,79682000,3,72438182,87.745,70313707
20240402019,의회동 노후 승강기 교체공사,93000000,3,84545455,87.745,82305000
20240402023,강내면 궁현리 일원 배수로 정비공사,45397000,3,41270000,87.745,40000730
20240402033,미원면 가양리(142) 세천 수해복구공사,51480000,3,46800000,87.745,45949400
20240402047,숭의동 338번지 일원 도로정비공사,54912000,3,49920000,87.745,47542992
20240402049,궁촌4리 구마보 보수공사,257977000,3,234524545,87.745,226679000
20240402055,2024년 용연수질개선사업소 긴급하수도 준설공사(단가계약),78000000,3,70909091,87.745,70107180
20240402058,옥산면 금계리 일원 배수로 정비공사,25993000,3,23630000,87.745,22792300
20240402079,2024년 천년가로수길 조성사업,78540000,3,71400000,87.745,69008966
20240402085,2024년 사방댐 설치공사(상덕리 40),159979000,3,145435455,87.745,141015000
20240402102,고양 공유학교 삼송캠퍼스 외부환경 개선공사,426360000,3,387600000,87.745,381830665
20240402110,꽃식재 및 유지관리공사(판교지구 등),94957000,3,86324545,87.745,83745000
20240402122,설문동 806-5번지 일원 환경개선공사,36467000,3,33151818,87.745,31607600
20240402124,숭의동 172번지 일원 도로정비공사,46937000,3,42670000,87.745,41624220
20240402134,광교호수공원 원천호수 어번레비 데크 교체공사,242450000,3,220409091,87.745,213637600
20240402139,하양초등학교 그린스마트스쿨 조성 소방공사 수의 견적제출 안내 공고,169902000,3,154456364,87.745,152558120
20240402143,2024년 산림유역관리사업(준설),65000000,3,59090909,87.745,57616085
20240402173,은대근린공원 어린이놀이터 리모델링 공사,42134000,3,38303637,87.745,36903665
20240402174,광양동천 하천유지관리사업,45800000,3,41636363,87.745,40266000
20240402177,신지면 신기리 호안도로 정비공사,83810000,3,76190909,87.745,73846400
20240402180,2024년 서초동 외 2개동 장기사용 배급수관 정비공사 (장기계속단가계약),1473670000,3,1339700000,86.745,1283728580
20240402198,예안면 동천소하천 정비공사,412500000,3,375000000,87.745,364036342
20240402199,서대구로 등 4개소 LED 가로등기구 교체 공사,55967000,3,50879091,87.745,49306371
20240402210,우곡면 게이트볼장 시설물 보수공사,119340000,3,108490909,87.745,105979240
20240402219,하양초등학교 그린스마트스쿨 조성 전기공사 입찰 공고,549736000,3,499760000,87.745,482703540
20240402226,(긴급) 청사 누수 방지공사(조경),109666000,2,99696360,87.745,
20240402230,군외 백일 방파제 연장공사,171050000,3,155500000,87.745,151270840
20240402231,북후면 도촌리 장골소하천 정비공사,255380000,3,232163637,87.745,227166300
20240402237,거제시 공공청사 개보수공사,97813980,3,88921800,87.745,85361448
20240402239,노해로27길 41 주변 등 4개소 원형관로 보수공사,495808000,3,450734546,87.745,435641000
20240402247,강천사 진입도로 재해복구공사,250364000,3,227603637,87.745,219193250
20240402250,성풍세효자비 주변 정비공사,43000000,3,39090909,87.745,37867100
20240402251,소규모 공공시설 정비사업(월계1세천),26000000,3,23636364,87.745,22716000
20240402260,미천(구천제) 제방보수보강공사(주력분야:토공사),141500000,3,128636364,87.745,126371290
20240402269,외지마을 진입로 정비공사 수의견적(공사) 전자입찰 공고,32032000,3,29120000,87.745,27989140
20240402276,매장문화재 보존유적 보수정비공사(고아리 산4-1번지 일원),59642000,3,54220000,87.745,52759615
20240402278,서후면 이개리 용전소하천 정비공사(주력분야:토공사),41910000,3,38100000,87.745,37290700
20240402283,군외 흑일 선착장 시설공사,181160000,3,164690909,87.745,157852339
20240402284,하양초등학교 그린스마트스쿨 조성 정보통신공사 입찰 공고,284537000,3,258670000,87.745,249874890
20240402287,감문면 태촌리 리도203호 아스콘덧씌우기공사,46000000,3,41818182,87.745,40521336
20240402290,내연산보경사시립공원 도로(소로3-12) 개설공사,142600000,3,129636364,87.745,124798512
20240402292,팔달로(만평네거리~서대구센트럴자이아파트) 외 1개소 포장보수공사,175001000,3,159091818,87.745,155443510
20240402301,서후면 대두서리(점골) 농로정비공사,25000000,3,22727273,87.745,21926000
20240402312,대잠동 철길숲~성모병원 외 1개소 도로정비,73000000,3,66363637,87.745,64813300
20240402316,소안 구도 소규모어항 정비공사,198634000,3,180576364,87.745,175102000
20240402318,북후면 두산리(1057번지 일원)수해복구공사(주력분야:토공사),31900000,3,29000000,87.745,28147000
20240402324,수정란관리동 한파대비 및 배관라인 공사,183500000,2,166818181,87.745,159910000
20240402332,일직면 광연리 마을회관앞 용배수로 정비공사,52000000,3,47272728,87.745,45942490
20240402335,오금로 400 일대 외 1개소 원형관로 보수공사,1192000000,3,1083636363,86.745,1034685000
20240402340,한옥마을 담장설치공사(옥정동 459-17 외1개소),59140000,3,53763636,87.745,52532000
20240402346,드림카페 커뮤니티센터점 리모델링,36556000,3,33232727,87.745,32441290
20240402348,충화면 무궁화동산 조성사업,27000000,3,24545455,87.745,23514300
20240402356,2024년 울산광역시 가로변 조경 관리공사 1구간(울주군) 입찰 공고,478291000,3,434810000,87.745,424790578
20240402359,2024년 국도4호선 가로수 옮겨심기,45889000,3,41717273,87.745,40791290
20240402367,풍산읍 회곡리(휜드기골) 농로 및 배수로정비공사,53400000,3,48545455,87.745,46836640
20240402372,2024년 미사대로 가로수관리공사(단가계약) 수의견적 제출 공고,105270000,3,95700000,87.745,92680900
20240402390,2024년 노태공원 외 5개소 조경수 병해충 방제사업,29381000,3,26710000,87.745,25984700
20240402393,2024년 풍산지구 녹지대 등 수목관리공사(단가계약) 수의견적 제출 공고,105006000,3,95460000,87.745,92647390
20240402394,국립안동대학교 국제교류관 등 2개동 냉난방기 교체 전기공사,140998000,2,128180000,87.745,123514718
20240402398,풍산읍 현애리(홍실넘) 농로정비공사,31910000,3,29009091,87.745,28544430
20240402403,북후 장기리 군도26호선 배수로정비공사,34400000,3,31272728,87.745,30562000
20240402406,길안 배방리 리도205호선 사면정비공사(주력분야:토공사),51200000,3,46545455,87.745,45170000
20240402409,신평제 용수지선 정비공사,51538000,2,46852727,87.745,45011000
20240402412,남선 이천리 농도304호선 도로정비공사,23200000,3,21090909,87.745,20342880
20240402414,마석 용수지선 정비공사,54641000,2,49673636,87.745,48057872
20240402416,와룡면 (와룡농협 인근) 농로정비공사(주력분야:토공사),24570000,3,22336364,87.745,21851000
20240402417,입암 용수지선 정비공사,54814000,2,49830909,87.745,47915560
20240402422,와룡면 이하2리(아름달골 인근) 농로정비공사(주력분야:토공사),48490000,3,44081819,87.745,42732700
20240402425,지방도920호(팔수골) 인도설치공사(주력:철근콘크리트),53600000,3,48727273,87.745,48379800
20240402427,2024년 내집주차장 조성사업 공사(연간단가),165510000,3,150463637,87.745,146992940
20240402430,안동시 도시재생사업구역 (삼산동) 가옥철거공사,26300000,3,23909091,87.745,23044200
20240402438,안기동 대원타운아파트 동편 마을공동주차장 조성공사(주력분야:포장공사),25800000,3,23454546,87.745,22750711
20240402441,2024년 미사 초이산단 구역 공원녹지대 수목관리공사(단가계약) 수의견적 제출 공고,55228000,3,50207272,87.745,48307000
20240402446,2024년 교통사고 잦은곳 개선사업(고림동사거리 외 2개소),95656000,3,86960000,87.745,86193000
20240402447,2024년 상반기 방범용 CCTV시스템 구매설치공사,141130000,3,128300000,87.745,124180290
20240402452,녹전면 녹래리(앙실리골) 배수정비공사(주력분야:토공사),75610000,3,68736364,87.745,66553270
20240402455,인천푸른빛유치원 외 5교 수목전정공사 견적제출 안내 공고,31556000,3,28687273,87.745,27678115
20240402456,노후 건축시설물 개선공사,494879000,3,449890000,87.745,436538300
20240402458,와룡면 산야2리(노인정인근) 옹벽정비공사(주력분야:토공사),76340000,3,69400000,87.745,67352965
20240402461,구성면 광명2리 농로 및 배수로 정비공사,23700000,3,21545455,87.745,20689550
20240402463,국립안동대학교 국제교류관 등 2개동 냉난방기 교체 기계공사,104615000,2,95104545,87.745,91656741
20240402465,2024년 미사지구 가로수관리공사(단가계약) 수의견적 제출 공고,197362000,3,179420000,87.745,175124000
20240402468,장성읍 부흥리 안신흥마을 진입도로 정비사업,89300000,3,81181818,87.745,79689934
20240402469,동로면 석항3리(400) 옹벽설치공사,40700000,3,37000000,87.745,35763400
20240402471,구성면 송죽1리 덤밑 농로정비공사,24300000,3,22090909,87.745,21393000
20240402476,인천동수초등학교 외 8교 수목전정공사 견적제출 안내 공고,49261000,3,44782727,87.745,43714817
20240402478,농소면 연명리 농로확포장공사,38200000,3,34727273,87.745,33576670
20240402481,2024년 상반기 도시공원 조경수 전정공사,78802000,3,71638182,87.745,69055220
20240402483,봉강고가교 보수공사,80300000,3,73000000,87.745,71711320
20240402485,동로면 노은3리(산88-1) 배수로 설치공사,35700000,3,32454545,87.745,31303840
20240402486,2023 문제해결디자인 사업,46317000,3,42106364,87.745,41271000
20240402487,2024년 과속방지턱 유지보수 단가계약 수의견적 제출 공고,64801000,3,58910000,87.745,56884580
20240402488,물소리생태숲 산책로 정비공사,69150000,3,62863637,87.745,61065721
20240402493,고암동 무덤실 일원 민원해소사업,39841000,3,36219091,87.745,35006000
20240402498,녹산배수펌프장 노후펌프 정비공사(1차),554990000,3,504536364,87.745,494032390
20240402499,2024년도 항로표지 시설물 보수공사(2차),292000000,2,265454546,87.745,259874260
20240402502,2023 문제해결디자인사업 경관조명 설치공사(전기),29744440,3,27040400,87.745,26070100
20240402503,2024년 동여수 횡단보도 투광기 설치공사,46088000,3,41898181,87.745,
20240402504,양천동 안정계 배수로 정비공사,24100000,3,21909091,87.745,21041500
20240402505,백운면 원월리 해밀마을 일원 민원해소사업,166594000,3,151449091,87.745,148988930
20240402507,능포 중로2-1호(버스정류장 일원) 재포장공사,42223500,3,38385000,87.745,37236827
20240402511,양천동 조마로 배수로 정비공사,53900000,3,49000000,87.745,47189980
20240402512,율촌면 광암마을 안길 개설공사,31890000,3,28990909,87.745,
20240402513,중부대 진입로 덧씌우기 공사,80420000,3,73109091,87.745,71580530
20240402516,고명로7가길 일원 급수구역 확대사업,213700000,3,194272728,87.745,191758000
20240402518,일반농산어촌개발사업 준공지구 시설물 유지보수공사(단가계약),80000000,3,72727273,87.745,71788500
20240402520,여천동 주민센터 환경정비(누수정비) 공사,30533000,3,27757272,87.745,
20240402521,장성읍 부흥리 부흥마을 배수로 설치공사,50790000,3,46172727,87.745,44809440
20240402524,세지 송제리 소공원 조성사업,37000000,3,33636364,87.745,32328260
20240402527,장성읍 영천리 오동촌마을 배수로 확장공사,31240000,3,28400000,87.745,27255870
20240402528,2024년 조림사업(내화수림대조성),34378740,3,31253400,87.745,30123000
20240402533,행정배수지~신북정수장간 비상공급망 구축사업,2742530000,3,2493209091,86.745,2440922090
20240402537,2024년 내집주차장 담장허물기공사,81266000,3,73878182,87.745,71811570
20240402542,여수시노인복지관 승강기 교체 및 외벽 보수 공사,32292760,3,29357054,87.745,
20240402554,2024년 울산광역시 가로변 조경 관리공사 4구간(북구) 입찰 공고,462088000,3,420080000,87.745,408807200
20240402555,2024년 숲가꾸기사업(2지구),94614000,3,86012727,87.745,83645000
20240402556,서여수 교통신호시설물 설치 및 개선공사,50664000,3,46058182,87.745,
20240402558,조마면 신곡2리 음지터골 사면정비공사,43900000,3,39909091,87.745,38202900
20240402563,백운면 방학벌말로 414 일원 급수구역 확대사업,747169000,3,679244546,87.745,664627660
20240402566,삼일동 주민센터 환경정비 공사,40334000,3,36667272,87.745,
20240402569,혁신로 특색있는 턱화단 조성사업,49420000,3,44927273,87.745,43990360
20240402575,화양면 수문마을 농로 정비공사,35222000,3,32020000,87.745,
20240402593,금성면 포전리 421번지 일원 급수구역 확대사업,1131900000,3,1029000000,86.745,996473400
20240402605,신전 사초지구 기계화경작로 확포장사업,24300000,3,22090909,87.745,21233100
20240402607,군동 풍동지구 기계화경작로 확포장사업,40182000,3,36529090,87.745,35709892
20240402608,강진 학명지구 기계화경작로 확포장사업,57416000,3,52196363,87.745,49855251
20240402638,2024년 다향아트밸리 꽃탑조형물 설치사업,37760000,3,34327273,87.745,33481610
20240402663,개도 농어촌관광휴양단지 조성사업 토목공사(총괄 및 1차분),15576542000,3,14160492727,79.995,12667218000
